Workbook

Sheet Nitrate
B2: Participant ID | C2: V2 | D2: V5
B3: 12625 | C3: 48.526944 | D3: 166.72087
B4: 15072 | C4: 27.322569 | D4: 51.010054
B5: 16418 | C5: 61.580188 | D5: 18.293935
B6: 21605 | C6: 75.627614 | D6: 78.074469
B7: 22060 | C7: 31.520227 | D7: 82.084315
B8: 24465 | C8: 34.248898 | D8: 36.812432
B9: 24687 | C9: 38.521169 | D9: 127.68468
B10: 25121 | C10: 55.356375 | D10: 108.80892
B11: 25463 | C11: 42.57154 | D11: 131.76426
B12: 25724 | C12: 19.018337 | D12: 29.908893
B13: 28226 | C13: 20.951469 | D13: 36.714639
B14: 28474 | C14: 40.480463 | D14: 69.223019
... B24: 28925 | C24: 37.041523 | D24: 78.394721

Sheet Nitrite
B2: Participant ID | C2: Baseline | D2: EOS | F2: delta no2 | G2: delta no3
B3: 12625 | C3: 0.097371737 | D3: 0.84179105 | F3: =Nitrate!D3-Nitrate!C3 -> 118.19393 | G3: =D3-C3 -> 0.74441932
B4: 15072 | C4: 0.077703936 | D4: 0.029477077 | F4: =Nitrate!D4-Nitrate!C4 -> 23.687486 | G4: =D4-C4 -> -0.048226859
B5: 16418 | C5: 0.095114776 | D5: 0.032077995 | F5: =Nitrate!D5-Nitrate!C5 -> -43.286252 | G5: =D5-C5 -> -0.063036781
B6: 21605 | C6: 0.08576451 | D6: 0.14239099 | F6: =Nitrate!D6-Nitrate!C6 -> 2.4468548 | G6: =D6-C6 -> 0.056626483
B7: 22060 | C7: 0.081250588 | D7: 0.069357827 | F7: =Nitrate!D7-Nitrate!C7 -> 50.564089 | G7: =D7-C7 -> -0.011892761
B8: 24465 | C8: 0.11059108 | D8: 0.084822161 | F8: =Nitrate!D8-Nitrate!C8 -> 2.5635338 | G8: =D8-C8 -> -0.025768917
B9: 24687 | C9: 0.097371737 | D9: 0.07918352 | F9: =Nitrate!D9-Nitrate!C9 -> 89.163507 | G9: =D9-C9 -> -0.018188217
B10: 25121 | C10: 0.07705909 | D10: 0.2333375 | F10: =Nitrate!D10-Nitrate!C10 -> 53.452546 | G10: =D10-C10 -> 0.15627841
B11: 25463 | C11: 0.060293095 | D11: 0.15518814 | F11: =Nitrate!D11-Nitrate!C11 -> 89.192717 | G11: =D11-C11 -> 0.094895044
B12: 25724 | C12: 0.093502661 | D12: 0.085740813 | F12: =Nitrate!D12-Nitrate!C12 -> 10.890556 | G12: =D12-C12 -> -0.0077618484
B13: 28226 | C13: 1.1475033 | D13: 0.10013302 | F13: =Nitrate!D13-Nitrate!C13 -> 15.763169 | G13: =D13-C13 -> -1.0473703
B14: 28474 | C14: 0.075446975 | D14: 0.4507517 | F14: =Nitrate!D14-Nitrate!C14 -> 28.742556 | G14: =D14-C14 -> 0.37530473
... B24: 28925 | C24: 0.11542742 | D24: 0.04883947 | F24: =Nitrate!D24-Nitrate!C24 -> 41.353198 | G24: =D24-C24 -> -0.066587953
